userName,score,content
GOHIL HARDEVSINH,5,Very very nice application and team..üëåüëå
Margaret Hoy,5,Quite happy with this app
Raffael Kummer,5,Works perfectly again
David VigilDRV,5,Great App~once one buys prime .
Ron Simms,5,This app does what it says it does. Exceeded my expectations.
Derek Wright,5,Works very well
POCH KOY,5,the best free password manager love üòª
Aharon Sirak-Schoeffler,5,The best password manager available
Michael Hettinger,5,Works great so far.
cagatay emre dogan,5,Great! I trust Avira
A Google user,5,Best Antivirus in the world ‚ù§Ô∏è
Walter Henrique,5,I do like. Very handy.
Katie Herold,5,Stores all my passwords in one spot
Milan Oreskovic,5,Everything works great now
Antony Pace,5,Seems to work well.
Hassan Isah Maikudi (akkosi),5,Is best secure password
Martin Colley,5,Works realky well
A Google user,5,it is actually safe to use
Rakhmat Hanifudin,5,It works just fine
Prakash Chandra,5,Now working properly. thanks
Dominique Comtois,5,Best tool ever!
Darrel Winchell,5,"Can't beat this, especially for free."
Fernando Situmeang,5,"Help protect my business, thank you."
Ayman Safadi,5,Super üëå apps in managing passwords
krunal mehta,5,Using it since two year very perfect for me
Normal Cy,5,Very happy with this app
Pawel Ziembik,5,The app works very well.
A Google user,5,Good & Nice apps that suits me. Tq.
Nazmul,5,That's a good app to save my password
Sergio4 Brandon,5,"Awesome, just what I was looking for :D"
Michael Andrew,5,Very good for a freebie!
Ricky Mendoza,5,Thanks for the app. It's a great help.
SHARON RAE Faulkner,5,Works gr8!!! Worth the $$$$$
Rye Ayan,5,easy to use
A Google user,5,just one word. Awesome
Zayer Auddin,5,"Good Idea,thank you developer"
Dailyn Hicks,5,One of the best password manager.
James T Crowshaw,5,Great ...very helpful!!
A. Allan,5,Great app ever!
Nic K,5,Easy to use and responsive.
Duane De Bruyn,5,Great password manager
Thb Ventures Nigeria,5,Excellent App Thanks üëç
A Google user,5,Peace - of - Mind secure.
Zaid Gamiet,5,Great password manager üëçüèΩ
Mohamed S. Metwally,5,The best password manager ‚ù§Ô∏è‚úåÔ∏è
Henry James,5,App is good I think
Zulkifli bin Muhammad,5,FREEEE....! What a thanks...!
Dhruv Swarup,5,Best password manager
Daniel ‚ÄúJamie‚Äù Jacks,5,Positive so far
A Google user,5,"AVIRA ROCKS, GET THE PRIME PACKAGE, AND THANK ME LATER üëçüëåüèÅ"
JHB,5,So far so good.
Johannes Ro√ümann,5,Does what it's supposed to do üëçü•∞
Tabrez Rehan,5,It's awesome
Faiz Ghr,5,All Good Behaviour
c.e. mcawsom (Cat McAwsom),5,So far so good
Ritik Jinoliya,5,My love Poonam
JOSEPH Huan Vu,5,Please keep going like Free
Dinah Paul Sosthenes,5,Thanks üòä üôè for looking out for me
David Thompson,5,It's great!
Lisa S,5,This app is a LIFESAVER
dave lee,5,Very good APP
Abhayendu M,5,"Unable to delete my account, please help"
A Google user,5,very nice apps
A Google user,5,Awesome pw manager it is perfect
Mark Trefi,5,Very good app.
Arno,5,Great and generous :)
Jorge AT,5,Great Products from Avira
A Google user,5,Easy to use
Timothy Twigg,5,Loving this application.
CHAOS IS EVERYWHERE,5,Very good very nice
Napoleon Yam,5,The app works!
ALBERT AIKINS,5,Great Password manager app
Hytech77,5,Has worked great
Roy Wheatley,5,Works as it should
Debbie McBride,5,It has been very helpful.
Isekai Yoshimura,5,"A star, Perfect"
Vijay Shrawage,5,Hassle free service
Tom-Linda Wake,5,Works well. Don't screw it up!
Muteb Saleh,5,Can't sign in to my account please help fix this
TZE CHEE TEH,5,Powerful and easy to use
A Google user,5,Easy to use for password management
mga mga,5,I like it still using the free features and I'm so satisfied üòå
THI VO,5,Efficient and useful.
Nicola Rottermann,5,Perfect. Very easy to use.
Jonathan Ramirez,5,"You have been doing a great job, this app is getting better every day"
Swiss Artists Productions,5,Great app. Simple and FREE!!
Tuan NguyenViet,5,"Excellent app, easy to use!"
Kyna Reamonn,5,"Fair price package, useful app."
Wayne Halford,5,Works well and is free.
Julian Klemm,5,"No problems, works on my phone and computer and is free"
Vinnie Maxwell,5,Easy and helpful app.
Monika Koehler,5,"Works perfectly, don't want to miss it."
A Google user,5,Really awesome üëç. Thanks avira team.
A Google user,5,Easy to make strong passwords
A Google user,5,Great for managing my 16 characters passwords :)
peter butterfield,5,Easy to use ad secure
A Google user,5,This is a great free password manager that I'd recommend.
Elizabeth,5,"Yes it's still not sure how much it is and why I came here, get up & run quickly"
A Google user,5,App has been improving. Get easier to use.
Cain,5,Useful app to store and create strong passwords
Deepak Vibhandik,5,Beautiful app. Only more discount needed.
Charles Newsome,5,Works well. Could use a little tweaking
Chern Wern Pao (Pao),5,Does what it says on the tin. Allows multiple devices.
Joraxis,5,Probably the best actually usable free password manager.
Adam,5,"The best LastPass alternative, hands down.."
EthanY3K Gaming,5,"Great app. It's like Google password manager, but better."
Uzair Ahmed,5,Very useful app. Please add PIN code for app login
A Google user,5,simple and user friendly
Jorge Bermudez,5,"Great, don't have to worry about remembering passwords again."
A Google user,5,"Very good app, for maintain secured the passwords"
Advocate Md Mahmudul Hasan,5,"Good. However, two step verification (Authenticator) should be available."
Satyam Shrivastava,5,Using it for 4 yrs and is seamless between all my systems and phones
Shane Smith,5,love it update: still going strong its necessary.
A Google user,5,This is the best password manager! it stores sites in alpha order.. I Love it!
A Google user,5,I was looking for this app for a long time & finnaly i got it. It's so useful app & it's free...!
Marc Spezzano,5,Tried a few option. I liked Avira the best
ÈªÑÁé´Ááï,5,Safe and secure keeping of the passwords! üòÑ
Michael Kerr,5,"Works great, easy to use."
A Google user,5,"Please create a copy button in the password generator section as in that area, after I generate a password I have to manually type it."
Elthar Hunter,5,"Great app, does it's job well."
Koen Myny,5,Happily using this app for a few years now. Easy to use.
Ayesh Rathnayaka,5,Not password genarater in mobile application
A Google user,5,Great app and very useful.
A Google user,5,Excellent app. Thank you!
H F Lopez,5,I'm absolutely satisfied with this product because it delivers as promised.
Jonathan Butler,5,Top notch i feel a lot more secure
Amarilnto Po,5,Very reliable password manager üòÄ
Oyvind Johnsen,5,Makes life easy for a small company
Tim Knight,5,"Easy to use, all good"
Mark Pool,5,"Loving it, excellent app."
A Google user,5,"very good pw manager, thank you üëç"
Prosper Nice,5,This app is good to hack
A Google user,5,Great app great support
A Google user,5,Par exellance.I would like be an leading engineer of Avira.
Joseph M Sica,5,Great and password manager is Awesome!
Noel Lackey,5,Brilliant ap works 100% everytime
Tony Haigh,5,"Simple to use, very effective"
Ivan S.,5,Recent updates have resolved previous issues with the app.
Muhammad Shazwan Husin,5,one of the best password manager apps that i have been used..
A Google user,5,Easy and secure
Gordon Willetts,5,"Really good,safe protection!"
Scott Evans,5,Very easy to maneuver around.
Brittany Syme,5,Great security system!
reddy V,5,Iam using it for almost a year and works fine and recommended to some friends also
el tejano texmex,5,It's an excellent üëå product. So far so good üëç. Recommended...
Todd Schneider,5,Great free option!
Luree Don,5,Wowo very use full apps ü•∞ü•∞ü•∞ü•∞ü•∞ü•∞
Racing Wu,5,Such a great app! I am really a fan of AVIRA NOW!!!!
Hunain Khan,5,Best password manager ever i seen in my life keep it up to develop software for us
Dawn Calhoun,5,Love the ease of using this app.
A Google user,5,Would it be possible to manually rearrange the order of entries on the 2FA page?
Michael Tembo Snr,5,So far so good. No hiccups encountered.
Ross Westwood,5,Awesome avira password manager.
Olusesi Yusuff,5,Best of best
Debbie Giles,5,So far it's goof
A Google user,5,greate. save my time
A Google user,5,how can i recovery my master password? hellp me. thanks
A Google user,5,"I trust this antivirus and password manager and use it on all my devices 
because of synchronisation"
A Google user,5,"It is an excellent password manager I have ever used. Auto fill feature 
perfectly working on my android device.its just awesome"
A Google user,5,"Easy to use, great syncing, great ui, no adds, free. Amazing."
A Google user,5,Very good app
A Google user,5,"Best app ever i have seen ,,, highly recommend to you because this is the best,,....."
A Google user,5,Now I don't have to remember my passwords again!
A Google user,5,Thanks.Very efficient app.
A Google user,5,great app that makes login very easy. Expecting more and more functionalities in the future
A Google user,5,Spot on
A Google user,5,Great
A Google user,5,"I am very happy‚Äã with this app. However, can it be hacked if someone steals my phone?"
A Google user,5,"A world-class password app, especially if you are also using Avira Connect dashboard."
A Google user,5,Good
A Google user,5,I never gonna forget a password again with this app it is really helpful specialy for those who have different password on different accounts i'm so thankful.
A Google user,5,"Always dreaded re-entering my email and passwords in multiple sites over and over again, it's now so much more convenient with this app!"
A Google user,5,Must now this kind of app and avira is the best just install n done  Please can you ad safe note this is my opinion if there it is very helpful other ways you are the best
A Google user,5,"The best free password manager, ever !"
A Google user,5,üí™üëç
A Google user,5,Nice!
A Google user,5,ver
A Google user,5,good
A Google user,5,"Pretty good app, clean, no bloat."
A Google user,5,Great app.
A Google user,5,Best app
A Google user,5,Good apps
A Google user,5,Excellent
A Google user,5,amazing
A Google user,5,good app
A Google user,5,Best app
A Google user,5,Amazing!
A Google user,5,Very Nice Apps
A Google user,5,excellent app
A Google user,5,excellent
A Google user,5,erleichterung f√ºrs Leben
A Google user,5,app
A Google user,5,Finally an easy and safe way to store your passwords. I had no idea how unsafe my accounts were until getting this.
A Google user,5,This app is a life changer! You will wonder how you survived without it! Added the browser extension on my laptop too and I keep them synced.
A Google user,5,"Well well well..! At last, the German company has made it! Nothing to say about this app! This app should win the app of the year.. I've no need to remember my passwords! Also I can create  strong passwords with this app. Great work Avira. Thanks!! You're the best!"
N.Ranjith Kumar,5,Good app
Md Regan,5,Good
A Google user,5,Good
Rakesh Kumar (Bablu),5,Awesome
Shitta Muhammed,5,Love it
Krystal Dean Corio,5,Great
Andre Hermanto,5,Awesome
Aryan _Mehra,5,00 ‚ù§Ô∏è‚ù§Ô∏è
A Google user,5,Super!
a‚Ä¢n‚Ä¢d‚Ä¢r‚Ä¢o‚Ä¢i‚Ä¢d‚Ä¢darna‚Ä¢com competerizedataz,5,‚Ä¢n‚Ä¢‚Ä¢g‚Ä¢‚Ä¢a‚Ä¢‚Ä¢n‚Ä¢‚Ä¢o‚Ä¢‚Ä¢d‚Ä¢s‚Ä¢‚Ä¢vs‚Ä¢n‚Ä¢n‚Ä¢‚Ä¢‚Ä¢w‚Ä¢‚Ä¢i‚Ä¢‚Ä¢‚Ä¢r‚Ä¢‚Ä¢‚Ä¢d‚Ä¢
A Google user,5,Mirific
Slinky B,5,üëçüòé
Dark Casters,5,‚ù§Ô∏è‚ù§Ô∏è‚ù§Ô∏è‚ù§Ô∏è
Vikey Gaming,5,Haat
A Google user,5,Open
RAWAT VLOGS NO1,5,üòä
Vansh V√†√±sh,5,üëãü§òüòÅüòÅüòâüñ§üñ§üòéüñ§üëãüëãüòéüòé
A Google user,5,So good
A Google user,5,Comfortable way to sync my passwords on all my devices.
A Google user,5,Easy to use
A Google user,5,Design is really neat and functionalities are very helpful!
A Google user,5,Like the design and that it is easy to use.
A Google user,5,Very useful!
A Google user,5,Great app!
A Google user,5,Love it!
A Google user,5,Awesome app
Mohammed Ghaleb Almadani,5,"Best passwords manager I've used so far and it honestly deserves more than 5 stars, I've been using it for a while now and I don't think I'm going to switch anytime soon. For anyone who wants a password manager try this first thing you will not regret it."
A Google user,5,really thanks to the team for hard work and now my phone has all app of avira.for that my phone named avira phone.
A Google user,5,"Finally, a better password manager with small storage requirement."
A Google user,5,Solved the problem.
A Google user,5,Amazing app!!
Lac Minh Hien,5,"Helpful, tks"
Afsana Mim,5,Great app.
kon par,5,Good
john govan,5,Good
A Google user,5,brilliant!!
A Google user,5,Amazing
Dr. Word Slave Ph. D,5,#BreakingCodeSilence #Team
kawooya grace ntaate,5,Nyc
Christopher Buenafe,5,Good apps
Railson Ferreira,5,Very good
mulqueen82,5,Awesome
Aarohi Gaming,5,Nice
George Pitlak,5,It works
Rahul Chodhary,5,Super app
J Nick,5,Super
Fredrick Tan,5,Great app
A Google user,5,Perfect
Clark K Davidson,5,Great
Ute Moorhead,5,Excellent
Audrey Hardy,5,Love it
Luke Fitzgerald,5,Love it
Panagiotis Kapositas,5,Amazing app!
Max Minds,5,Superb!
LAR L,5,Good Fast
Abu Galib,5,Good app
Advocate Md Mahmudul Hasan,5,Good
Mohammed Ahmed,5,Very nice.
thasindu himashaka,5,Super useful!!!
A Google user,5,Does what I need
uc browser,5,daleed link a blok
Navin Molat,5,Navin molat CBR Rj 12 ü§òüèªüòà_üòà__üòà___üòà____üòà____ üòà
David Cutler,5,Does what it says on the to
autoPING,5,Perfect üëç
Rogue Development,5,Good app
Sobree Waesulong,5,Very good
Khadija Maaroufy,5,Best app
Billie Henry,5,Great app.
Benjamin Keating,5,Excellent.
Tim Ucuha,5,Good app
Tony,5,Good
Jaysen Carlo Magno,5,Great
Ricard Stotelmeyer,5,BETTY WHITE
Jose Van Eekhout,5,Very useful!
Faisal Zafar,5,Wonderful
Arun Arora,5,Gud
√ÅTILA Coelho,5,Me atende perfeitamente.
Cristian Lirio,5,Excelente app la uso much√≠simo y sin falla
William L (Wilderbeest),5,Great app
drsto Account,5,Satisfied
Carl Barton,5,Great product
Jareis P,5,Funktioniert bis jetzt perfekt mit allen Apps und dem Fingerabdrucksensor zusammen.
A M.,5,Great app üëçüëç
Clement Clint Reny,5,Superb
Kasman Chenn,5,Nice
Paul Chaloner,5,Excellent
A Google user,5,All good! üòä
A Google user,5,Ok super
A Google user,5,Best.
A Google user,5,Very helpful
A Google user,5,üëçüëçüëçüëç
A Google user,5,good app
A Google user,5,Great app!
King Sedu,5,‚úîÔ∏è
Eli M.,5,amazing app
Muhammad Ayuba,5,Great app
Mark Storsina,5,Nicely done
Linda Light,5,Great service
Javed Alam,5,Outstanding fantastic
Christopher Kaikati,5,Great app
FETATNIA Abdellah,5,Fantastic
Farhaan Ruhangi,5,Excellent
Lac Minh Hien,5,Great
ZULKIFLI ZUL,5,Ok
Gabriel Paulini,5,Serve seu prop√≥sito e muito bem
Advocate Md Mahmudul Hasan,5,Very good
Oak City,5,Excellent
Tony Timmer,5,Top
E.I. KING,5,Genial
chamila erandathi,5,Good app
Craig Bland,5,Great app
Rakesh Kumar (Bablu),5,Awesome
Roeland Fraters,5,"It does what it promises, and with so many passwords it is a tool you need these days"
Ainus Vlog,5,üòçüòçüòç
A Google user,5,"I can't even login with my Google account. I've uninstalled reinstalled app numerous times to no avail. My 4 star review went down to a 1-star. UPDATE: The latest update has fixed the app. Web version of the app needs to be more mobile friendly, which was what I used in the meantime of not having this app function. Thanks for listening to your reviewers and coming with a swift fix."
ElfGoo83,5,"Great service, with many added features. Especially like the password manager which works across all my devices. The antivirus is top of the line. Would reccomend. Long time user for over 10 years."
Soumik mahato,5,This is awesome. I like it very much. It save my passwords and it is 101% secure. I give 5 out of 5 star
Hisham Hijazi,5,"The app is excellent. Had a glitch for around 24 hours, but customer service took care of it."
Alyssia,5,"I absolutely üíï love this Avira password üîë Manager pro app, it's great for saving important passwords and a√ßcount names and also email ‚úâÔ∏è accounts and passwords I would highly recommend getting this I got 30 days for free üÜì and now I am paying only 2.95 a month to have this and it's worth every penny of mine try it if you don't like it then uninstall it for good, but if you have a lot of passwords and important a√ßcounts you use this is the password manager to definitely to be using üíØ percent"
Duane De Bruyn,5,"Great password manager and safekeeping of important notes, also has a swift autofill function that works well on all platforms."
Doulos of Christ,5,I used to be a ironvst user but I started using APM because its much better than ironvest.. however its such a shame that I dont know about Avira password manager sooner. Been using Avira service for antivirus since 2008. . Thank you for this app.. The perk using this app is they APM may tell you if your account have been breached and advice you to change your password.
A Google user,5,Great to use a password that transfers to other devices without me wasting time doing myself.
Tizeri Berkane,5,I love Avira password vault and it do what it suppose to do. It is simple but strong
A Google user,5,"Great service ! As a IT geek I really appreciate this service ! It's more safe than actually writing it on a paper and enter the password every time. Because it's easy to log the keyboard without you noticing that at all. This app solves that problem so get it ! German: Gro√üartiger service ! Ich selber bin ausgebildet im IT Bereich und vertraue dieser App all meine Passw√∂rter an. Es verhindert, dass keylogger die das Tastaturfeld dauerhaft scannt und bei dem Hacker als nette Editor Datei ersc."
Good 3Y3,5,Seamless with no issues. Works with all my pc and mobile devices. Better than anything else I've used with very few ads! Thank you so much for making this available.
Roger Frederic Zimmermann,5,I'm using Avira since more than 25 years and never had any problems with virus
Farhan Alam,5,A must have app in everyone's phone. Very handy and easy to use.
Glenn Mangasil,5,Best free password manager. Perfectly works both web and mobile.
A Google user,5,"Password storage, Password strength check, Ease of updating new passwords... Is that what you want? Because it can be yours right now! ... Ya'know, after you tap/click on the download button."
Sini≈°a Koliƒá,5,"Great password manager, only one you can use free on more devices !!!"
Shelley Birnie,5,Easy to use and encourages me to use properly secure passwords
A Google user,5,I greatly recommend. They even have chrome extension. Plus online web admin interface
Pem Pem,5,Correction : so i tried it on my personal computer and all is fine. Thank you for and awesome tool and for your swift response! It's back to 6 ‚≠ê!!
Ryan Merrill,5,"Easy to use, simple and clean interface, device interconnection. Great program."
Dave Hunt,5,"Password manager not restoring paid subscription of which I have on my PC (Prime) and on mobile via another Avira product I'm not paying 3 times... Edit:- After a few emails I had it sorted, uninstalled app and re-installed the paid version was available, thank you Avira Customer Services!!"
A Google user,5,A real time saver. Best experience with a password manager. Great work team.
Chris Margison,5,"Ok, I rarely give 5* but having used this free suite for a couple of years and Avira A/V on my computers for years, both paid and free, I guess I love both your mobile and computer suites. Always in the top of A/V Comparatives!!!. Thanks for all!"
whiterabbitpony,5,Really useful when working between os and different computers. Avira showing how to make technology useful rather then stressful. Thanks
Allen Yu (AllenYu1984),5,"Absolutely useful for creating a strong unique password that hackers are difficult to guess by those, top accounts are Google, FB, Twitter and more. With password manager can auto fill when ever I sign in. Thanks Avira üëçüëçüëçüëçüëç Vielen Dank ‚ù§Ô∏è‚ù§Ô∏è‚ù§Ô∏è‚ù§Ô∏è‚ù§Ô∏è"
Gianluca Demarchi,5,"Very useful as password saver and authenticator. It can also be set to autofill apps and webpages with saved accounts. Also generic notes and credit cards can be saved in separate lists, aside from passwords. Would love to see an option for saving accounts linked to say google or facebook, and so having the password field not mandatory; another useful field would be ""account name"", as an optional field between this and email. Thanks for the app."
Bob Rozalsky,5,"One of the password managers that is actually good. I switched from Mcafee Truekey as that wasn't working out for me so I decided to look for a new pw manager and this one caught my eye so I tried it out, now its my main pw manager (even for my laptop). Autofill is great, UI is easy to use, Security is strong and it's just 10/10."
Aaron Schoeffler,5,"The most robust password manager I have used, and I've tried them all."
snookerfan snookerfan (Snookerfan),5,Very good app its easy to get a new password if you forget your old one
J A,5,Beat free password manager with good paid features. The auto fill is reliable compared to the competition.
Terry Reed,5,Really appreciate this apps abilities and protection. Seems much less intrusive than other major security apps.
Stamatis Baltas,5,Using it on both android and PC
Ray Chef,5,Sweet app that is connected across the board. As I have 4 driod tablets 2 iPads and an S7.
M. Rivers,5,"Absolutely the best. It's always at my fingertips, secure and easy to use. I love the password generator and being able to individually secure each site."
Mark Stevenson,5,Easy to use and works across multiple platforms. It's great.
Moheed Naem,5,It is very useful and really secure. The msot thing I like about this app that it is work on any device you have and sync across all of your devices. Also the free version is more than enough.
Zeldra Vawters,5,"My issue was resolved quickly, the app works great now. It truly is a lifesaver!!!!"
Bruno Quevauvilliers,5,One of the best and easiest password manager. No problems for over six months!
A Google user,5,Syncs between laptop and mobile. And is easy to use. Perfect.
Sameer Bhattacharya,5,Saves the hassle of remembering multiple passwords in a very secure and easy way.
jef Grace,5,"Avira password manager has been a time-saver, a brain-saver and of course, very secure. A great product!"
Won L,5,"Excellent app for generating, storing and auto filling passwords. Best one I've used so far."
Roger Chin,5,"I've subscribed for AVIRA PRIME and loved it very much. What captivates me is the Avira Password Manager, where I don't have to remember or write down all the passwords which redious and troublesome. TQ keep it up."
Michael Roman,5,Seems to be getting better and better all the time. Excellent overall service.
Jyoti,5,Using it for more than 2 years. Was a paid customer for some time. Very useful and reliable. Works across devices. Has notes and 2FA token feature also!
Mario Nieto,5,"The only app that I need for authentication, for me is not MFA is APM-FA. Maximum qualification."
Dennis Schukman,5,I have been using this app for a couple of weeks and find it easy to use and it makes my logins very accessible to me. I like it alot.
Vikas Badgujar,5,Very helpful in the time you are surfing through internet without any tansion of remembering passwords.
Frank Richardson,5,Great!!! it do very well its works. I will recommend it to anyone who want a reliable password manager. Thanks
Regan Devereaux,5,"So great! Avira's password manager is a game changer! It performs so well and instantly that the task of having to sign in multiple times each day to accounts or apps which was a tedious chore, interrupting my flow, is now completed in seconds by avira pm! Isn't that the way we want every app and piece of tech to actually, improving our experience and productivity? Thanks Avira, R"
Sean Sloan,5,"I am incredibly grateful that Avira gave us this app to use. It is the best password manager out there without all the bloat functions that come with their competitors. Avira Password Manager is also less than half the price of it's competitors for the premium version. With full zero-knowledge-architecture. Thank you, Avira, for making this world a better place by giving us an amazing free solution too!"
Alfred Wachira,5,"WORKS PERFECTLY.... VERY VERY Convinent and safe to use... Makes getring around your browser and phone faster and easier and most of all, still keeping its safe..."
Kelsey Brewer,5,"Avira is hands down the best password app I have used. On most apps after you save a certain number of passwords you have to pay for more but 145+ passwords and still free. There is also a place for secure notes and debit/credit card info. It also has a password generator that allows you to include/exclude uppercase, numbers, special characters and choose length. It also has two-factor authentication for sensitive info apps/websites/email."
Chibuike Clement Oje,5,"I love the manager it helps me so much to remember so many things that I have forgotten from different site I have registered before it is a nice one, a note book with a password"
Mihai Valentin,5,Efficient and user friendly. I also use it on my Windows 10 devices.
Andrew MacLeod,5,After initial glitch getting pro to register was resolved I have uprated to 5*. Great free app and the pro app is even better
GM Ashley,5,"Easy to use and organized very well. Love using this everyday, thank you!"
Mark Hedley,5,Having used LastPass for 7 years APM although not functionally as rich offers a far simpler interface and meets my needs entirely to store 400+ passwords.
Ibrahim M. Elsheikh,5,"The program is very nice, but if the Arabic language was added, it would be more beautiful"
Martin Dahlberg,5,"Great user interface, great security. Autofill that actually works. What more do you want?"
Randy,5,Love this security suite. I utilize Avira for my phone as well as my computer and I couldn't be happier with their application.
Josh Walker,5,I bought the basic version because I stream regularly and it has been the best security I've had so far
Ray Stanborough,5,"Fantastic, does what it claims and the note section is very helpful"
A Google user,5,Effective in storing protected passwords and protected notes across multiple devices
POCH PINK,5,Nice password manager easy look and comfortable using
A Google user,5,"Best UI, UX, UE. keep it up!"
Velvety,5,"Seems to be a very good app. I have just installed it. Am wondering if it autofills your passwords if you use it for free, as l can't afford to subscribe at the moment. Just trying it out."
WAYNE,5,The best password manager I've used. I've used 4 password manager over the years.. This one is strait forward and quite easy to understand.I have no trouble issuing it a 5 star and recommending it to my friend.
Przemys≈Çaw Starczynowski,5,"Does everything it promises, across platforms, and free of charge, excellent, what more would you need?... actually, password sharing would be very useful üòâ"
Matthew Miles,5,Excellent password manager! Had a problem with a button constantly on screen. Turned out to be an Android accessibility setting. All is great now!
Matt Richardson,5,Super easy. Much better than Lastpass.
Vicki Knight,5,It makes everything easy I've never heard of this app before my computer guy rebuilt my laptop
Shantanu Singh,5,"Love the app, this is exactly what I needed. Would kove to work with you guys."
A Google user,5,"Best PM So Far, just want to let you know if the app crashes when you try to enter you master pass. Just force stop, clear app cache and data then try logging in. It worked for me"
Simbarashe Andrea,5,"This is the best password keeper in my own view, Lastpass is good APM is the best, they have the best encryption ever."
Doggy Diggy,5,Secure and easy to use password manager. Now you can forget about using same passwords across to multiple accounts...
Kane Alkoraghooli,5,When logging in sometimes. It shows I have ZERO data/passwords. Stopped recognising my Master Password. doesn't let me change it after loging in with biometric credentials. And now I cannot use my passwords on any other device.
A Google user,5,"easy to use , secure and fast!"
Russell Moss,5,Great at auto fill. No problems so far
Yoyo Fernandez,5,More than two years using this password manager and there is nothing I can complain about. It does what it has to do.
A. Sanders,5,"Avira Pro is ABSOLUTELY Every androids users COMPLETE PROTECTION PACKAGE! For ($12 i see believe) the One Year package contains Everything(literally) one will need for complete Conrtole of everything!, &&! 12 months of no Mal,and hacking on the Device ~PER.IOD!~ That's just my opinion on the product. I love it personally im on my 2nd year of 'Avira Pro' -n- wouldn't have it another way! -Sincerely: Aaron Sanders. Avira give me promos A/O Cupons PLZ"
Lydie Griffiths,5,Easy to use and intuitive. Very handy.
S.H.,5,This app does not mess about. Very accurate and interface friendly. I am at a point that now I cannot do without this kind of interface integration to save 30 odd passwords I have. Any time I need to change a password or get a new one generated this does it seamlessly. Make this one stay please. All my fingers are thumbs up !!
Dei Enslin,5,"Extremely effective and easy to use, love it"
Lauren Ipsum,5,Works perfectly nowadays :) totally saves me from the regular password hassle
Thomas Wening,5,I have been using Avira PWM for two years now and I am very satisfied with this product. I am managing all my passwords with it and the generators for my accounts with 2FA. Adobe PWM is very reliable and adds a lot of security to my accounts. I can only recommend trying it out.
Martin,5,Is very simple and works great. Not sure if I can group passwords but I just manually named them in groups. Overall 9/10.
Adil yassia,5,Prob.. resolved. Just a review: It will be better if you add a hand drag drop on the wallet where can reorganize the entries into folders
Hayden McKessner,5,Excellent free password manager! Works seamlessly across devices and is very convenient for 2FA.
Kevin C,5,Brilliant. The built in authenticator is useful too.
Omar Badr,5,Amazing password manager. Does everything I need and does it well. I especially like that it has 2fa.
A Google user,5,Saves me time and very user friendly.
Ted Donovan,5,"Have tried numerous other password managers, this is hands down the very best! Easy to set up and works flawlessly every time!"
A Google user,5,"I like all avira product. Simple, work great!"
Angel Taylor,5,Life changing how helpful this app is -especially across platforms!
Binyo Kin,5,It frequently signs out requiring frequent sign in. Being generous with a free services as well as smooth functionality is why I give full 5 ‚≠ê‚ú®‚≠ê
Darrin Chung,5,"Excellent, love having everything at the push of a button."
Wookiee Rage,5,Makes my access seamless between multiple devices.
A Google user,5,"I find this password manager works flawlessly, better than lasspass.. would recommend you try it out and see if it does what you want it to do.... for me definitely worth the five stars."
William Jr Cunanan,5,"update. i changed to other password manager , but i keep coming back for this. this is still much better."
A Google user,5,since year's the best antivirus software! l use it since 1978!
Kushal Kaushik,5,"I am very happy with this password manager, I used a few others before this one.. but I like Avira the best.. the free version here allows me 2 devices connected at the same time.. which is super cool. And the overall user experience is also very smooth. 5 stars would recommend to everyone."
Gary Griffiths,5,Best Password Manager I have ever used. Also includes 2FA support all in one app.
Norma Price,5,Works great! I still have a problem with it recognizing some apps and websites without entering my Master Passcode but once I do it's fantastic
Claire N Destine,5,It's so nice to have a fully functional password manager as a free version <3
Claire N Destine,5,"By far the best experience I've had with the free version of a password manager app. Poor people deserve fully functioning services too <3 Thanks so much, Avira!"
Clayton Werner,5,Works great on my PC & android
A Google user,5,"I think the best password manager out there. Has 2-way verification that no one else has. also includes a two way verification app so you have 2 apps in one and syncs it on all devices, thats the best. Informs you when a account has been breached (only pro version). The only think that I would like to have is clear the clipboard after a few seconds or minutes. Update Apr 2019: The autofill function is nit working for me. I don't know why. Also the clipboard is not working."
A Google user,5,I love Avira I have been using avira internet secuity pro for more than 10 years it's always been good I recently purchased Avira optomiser it's as good as Avira internet security pro which I use it on my 2 device I am sure Avira password manager is as good. All Avira products are top shelf don't think 2 times to download them. Thanks Avira for lovely Apps :--)
DragonKnight HeroTey,5,"Generates, saves, quality of life is good most places."
Fatih Sezer,5,Works very best and stable. I liked it.
Compu Freek,5,Full featured and convenient. Works well and does exactly what I need.
Giuseppe Gaviani,5,"Avira is an excellent, easy to use password manager where you can store over 100 passwords for free"
A Google user,5,"JUST STARTED USING IT A FEW WEEKS AGO, BUT SO FAR SO GOOD. EASY TO USE AND I LOVE THE APP LOCK!!"
Jonathan Borsellino,5,Excellent app to store all username and passwords.
Nimo India,5,App works well. Easy and quick to use.
Anthony Gonsalves,5,Easy to use just like the browser page.
nishiki,5,I've been using Avira Password Manager for a few years and I've been quite satisfied with it!
Adam TR,5,"From a reputable company, keeps all your passwords accessible everywhere you go across phone to pc. Only wish is that 2fa also saved your codes remotely"
Peter Lawton,5,Excelent app apart from inap adds i am paying for premium service .
Sandra Peters,5,Great potential bu extremely difficult to navigate the horrendous complexity.
Nick Brincat,5,"The service is great on my PC...... I'm an avira Prime user and the app temporarily wouldn't let me log in. Seems everyone was affected. Left a review here like everyone else, Avira responded and a day later the issue was fixed! Best of all my 2FA was saved so I didn't loose anything! Thank you Guys, great service!"
Ron Koh,4,Useful app! No more remembering passwords though sometimes you would have to remember to add in those passwords.
Michiel 'Kader' Witkamp,4,"Good service, reliable but does update often and logs you out after (usually when it's inconvenient)"
A Google user,4,How to reset this master password in this shame apps
Ernesto Rivera,4,Excellent
ogle ogler,4,"Great. A pattern lock would be good. It only uses biometric and the actual password, no option for pattern password."
Sergio Short,4,Good so far for laptop
Cl√©ber Macieski,4,"Great tool! Could use more flexible ways of passwords creation, like only uppercase or just numbers."
Norris Nam,4,"When adding password, it saves url and name in case sensitive correctly. But when editing a password, it auto convert url and name to normal case, cause problem can not auto fill to app."
G Viswanatha Reddy,4,"From today it stopped working on mobile, but works file in pc. First it shows no password on mobile app, but after trying closing and opening 3/4 times, it has shown passwords but not synching with pc."
Murat Sahin,4,"web or chrome extension works very well so far. but android mobile app does not recognize or entering to the server. And after few hours, just started working... thnks.."
A Google user,4,"Only 4 stars because one thing I don't like about its feature is it doesn't accept subdomain. Please note that in an organization, there are subdomain websites and each of its sites may have different accounts/credentials."
Subho Roy,4,"Kindly inform me, Avira password manager all features is absolutely free for users? Have any hidden charges for free user? Otherwise your password manager features is very helpful. Browser extension not work properly."
Justin Jackman,4,So far so good üëç
David Wagner,4,An error has occurred. Please try again later. This is all I get when trying to log in. Update: working now. It appears that the above message is after too many attempts....maybe
Ethan Lewis,4,Very good. I like the auto fill. Only problem is that you have to manually add the passwords rather than them asking to add it.
A Google user,4,so far its good
A Google user,4,"good app. one of the improvement what I expect is, manual sync button because I don't know whether it is already sync with web site or not"
Ron P.,4,"Nice password wallet. It sometimes is a bit reluctant to pop-up when entering a login page, especially with Firefox."
Beth Fechner,4,"Great way to generate and store passwords. A bit glitchy on Android phone with Auto log-in using firefox browser, Chrome fine."
Jonathan Armstrong,4,very handy- i like the way it syncs between all my devices and PC's. However on my android smartphone it only auto-enters my passwords about half the time which is a bit annoying.
Gildas Mamona,4,Wonderful app
anyi madu,4,Awesome app
Flavio Barboni,4,"√â bom, mas precisa melhorar algumas coisas pra superar o LastPass, tipo a necessidade de ter que ficar abrindo a extens√£o no Chrome em nova aba para consultar senhas de sites. Tamb√©m sinto falta do desbloqueio das senhas por digital no celular, igual ao Samsung Pass."
Romi Donis,4,They should improve the stability how to be checked to collect the passwords in order as you needed all the time to log in back in the app ;( this take time huh
Dao Fo,4,Good
Franklin A. Toribio Maria,4,"Excellent in almost everything, but their support for subdomains passwords is painful, please try to make it more neat and simple to use"
J A,4,"Great App but it seems to log me out intermittently so i find myself having to log back in to it way too frequently, which is inconvenient."
Stevan Gaskill,4,"It's working pretty good, but unfortunately does not update well between the app and the website"
Elizabeth Gibson,4,So far I have found this app very good.üòä
Charlie Mowbray,4,Great little app for storing passwords. Convenient and easy to use. Only minor gripe is that very occasionally (three times over a couple of years) the app wont let me log in and I then have to use the web based version which isn't formatted well for mobile use.
Salem ‚ÄúSalyoo‚Äù Regodon,4,"No star, it is not functioning."
Ziaul Haque,4,Why I Don't Get Loging otp Code...?
Bhavish Moody,4,"Everything good, just that I'm on android 8.0 and I would love a dark mode for the App!! Please work that devs! Cheers"
Jose Nunes (Trucker Joe),4,Sort of kind of works Rob forn is better
Adib Sulthon Muammal,4,Some password may changed if exported and then imported again using csv
A Google user,4,I love this app but how can I change my master pw?
Charles D,4,"This app is great and very user friendly. I do have one problem, when I remove the check mark from Autofill login in forms to disable it, there is no other option for signing in. Was expecting to just click on the user name and password and the information would be applied. Everything I read says autofill big security problem."
A Google user,4,Likeing it thank you
A Google user,4,I've tested a number of psssword managers and Avira is one of the best. Auto fill and sync works well on both Android and Windows. Unlike other free versions there are no limits to the number of log ins you can store. It also as an authentication module for 2FA to save the need for a separate app. Needs a password generator then it'd be 5 stars.
A Google user,4,"Just OK,But sometimes too late."
A Google user,4,"Avira PWM is the best. I can store unlimited number of passwords, unlike other well known password managers. I can log-in to websites AND apps using Avira. Also it syncs across all my devices. It has a password generator. There are note,too. All this completely free. What more can you ask for? Edit: decreased one star because the notes section is buggy. When I press on any part of a note it scrolls to the top. Makes note editing very difficult. Fix it and it'll be five stars again. All the best."
A Google user,4,I prefer no password for one-time password section
A Google user,4,Just started using it. Have used avira antivirus for a decade.i am a fan of avira. deducted one star as it doesn't have fingerprint unlock
A Google user,4,it is a nice app... but doesn't work with Bing and Edge browser...
A Google user,4,"Useful and helpful password manager,"
A Google user,4,good experience
I Ogbonna,4,User friendly
Ernesto Sazo,4,So far satified with the many ablities of the app will provide a full review in the near future .
A Google user,4,Updated to four stars after broken app was fixed.
something,4,"Pretty straight forward to use, but, on some apps the auto fill doesn't work, so you have to manually past in the password, and, there is no way (that I know of without premuim) to find out what accounts have been breached/have a bad password, it will only say that an account is breached and than show a blurred icon of the app"
Sonik Shah,4,Data is not visible after update
md azhar,4,üëç
Yours Truly,4,üëç
Pam Varone,4,Cannot figure out how to log out of app
Muhammad Noman Hafeez,4,Best password manager but its loads slow.
A Google user,4,"hi, it would be great that once we on web protection and PWM it should be on unless we off so i think it would be great. thanks"
Demetri Loizou,4,"Not perfect, but better than nothing"
A Google user,4,Feature Request: Allow to import passwords from a CSV file. Chrome allows you to export passwords in CSV format. Can you ads this feature to read this file and import all passwords in one go?
Jacek,4,"Great. However... after going to ultra power saving mode in a Samsung device and going back, the Avira PM requests to enable it in services etc. despite it's already priviliged - so I need to disable it an then enable again. Observed on M51 and Tab S6 Lite Happens each time."
Nick Ball,4,Great on a laptop. I like being able to lock the passwords and having to sign-in again as passwords are important enough to warrant constant awareness. The auto filling of log in details on the mobile doesn't always work.
Daniel Steck,4,Underrated app with comprehensive free version. My sole qualm is it only provides an autofill service and most Android browsers have really bad autofill API integration. That isn't really Avira's fault but other password managers solve this issue through an additional accessibility service.
Paul Irvine,4,"I've been using it for ages and its great but suddenly today when I try and log on via my android by the app it keeps trying to bring up a captcha and sends me a code via text but just keeps repeating this, never allowing me to log on until it complains of too many attempts and says try later... Sometimes the captcha shows but most times not, you just see some text re one but no actual captcha.. Now its doing it on the PC..Shows an error 400 which I presume is a page not found.."
Marlon Parker,4,"Cool app, so far. Give it a try. üëç"
HandsomeCarrot,4,My browser extension is working perfectly. Just my app is weird. I am connected with the same account and I have all the passwords. The problem: they don't load and if they do I see only some weird signs so it is not working properly.
A Google user,4,Wonderful
Jorge C√≥rdoba Illescas,4,One of the best free multidevice passwords managers
Steve Turnbull,4,"An excellent password generation and management program. The only complaint I have is that it the auto-fill isn't consistently seamless. Maybe once a week I'll have to copy and paste the password ... but overall, this is an excellent tool and moreover because it is free."
SUBHADEEP ROYCHOWDHURY,4,"Please let me know, how to work Avira password manager when I open my mail account on browser?"
Matthew Owens,4,I hope this one dosent fail me like sticky password did
Paul T Jenkins,4,Apps of this type used to allow copying an entire entry and duplicating that copy into a new entry. That would be a great feature and a time saver as well.a
VINCENT ANDREW LOBO,4,"One of the few best password managers offers strong pw, warns on the strength of the pw, fingerprint unlock makes accessibility easier. In short it's dependable and safe. Auto filling of pw is still a issue and does not happen all the sites. Otherwise would rate it high among the top five."
A Google user,4,Awesome!!!!
S MUNI HARISH (hari),4,I am using this service or app since 2019.I facing the automatic logout issue since 2019.I am still waiting for solution.Please i request @Avira team to solve the issue in next update.
A Google user,4,Decent app
Devjit Banerjee,3,Trying out the free tier of Avira PWM at the moment. I cannot say about others but i personally have liked the experience so far. Auto fill works good with Chrome. I'm assuming it will with Edge Chromium too. Separate toggles for app auto fill and browser auto fill is very much appreciated. Suggestions: 1. The phone apps dont seem to have a password generator and I think a password generator should be added. 2. The cost of the pro subscription seems a bit high (considering Bitwarden's price)
A Google user,3,"Good Product, Not compatible with KeePass. It would be great to open a KeePass DB and populate this password manager. No Credit Card option neither. Sophos can do all this but It is in the UK and they are not so strict with Data Protection laws like Germany."
A Google user,3,The application don't open  Can you help me?
Oh Baa,3,Ok laaaüëç
Raechell Hurtado De Mendoza,3,"great when it works, but finicky and frustrating. edit: its finicky and frustrating because the password manager doesn't recognize a lot of fields where i need to put a password in or suggest a strong password and it wont save said strong password, so i have to go into the app instead of just signing in. the mobile version regularly just signs me out every thirty seconds sometimes."
George Kehas,3,"The app is inconsistent. I use it on 3 devices, my phone, tablet & laptop. Works pretty well on the laptop but sketchy on the other 2. It often doesn't fill fields, I have to go into the app to use it or just get the info for the account and enter it myself."
YJ Lin,3,I generally like this app for password. I need to lower my rating because since I switch phone to a pixel3axl I had a few times that I am unable to unlock the master password simply because the keyboard won't pop open.
maha kattarnark,3,Installation and registration for this app on my laptop was easy ... But inexplicably the playstore version for Android took forever to download ... The laptop version often makes errors when saving details of multiple accounts from the same provider (eg: gmail) ... So be careful to double-check what exactly is being saved!
A Google user,3,I have to reinstall the app to sync any changes in my my browser!
Curtis Carr,3,Edit: lowering my rating only because the app has doesn't play well with Firefox. I normally struggle to use the Avira button in Firefox often giving up and taking back to the copy/paste feature for entering credentials I strongly recommend this app to everyone. There is not a person reading this comment that wouldn't benefit from using Avira Password Manager. Works virtually almost perfectly with all of my apps and sites.
A Google user,3,"The application is the best one so far but there are some issues. It is not working properly sometimes on some specific applications. And also, it is popping up at some applicatios that shouldn't do. At ""Steam"" application, it is popping up at chatbox that you send messages to someone else. Could you please fix the issue? Thank you :) addition2: open avira password manager text pops up almost in every nickname and password textboxes but also in Steam app. Android 9 Xiaomi user"
Dan Joos,3,"Okay, there 2 reasons why there is 3 stars here. The first is an issue for those of us who want to lock down sensitive data more than just a password, facial recognition, pattern, or finger print. There is no support for a Yubico dongles and other such keys. The 2nd, and not as important, is support for more browser integration. Because of a lack of browsers that it works with, I have to use Chrome and others like it other wise I don't have that ability to utilize APM to its fullest."
A Google user,3,"It can feel a lil clunky, especially when trying to change passwords to a generate one from the app. This app would benefit the user if it could export the passwords, like you can with Google chrome."
Yom Kipper,3,Confusing security
Xiang Yang Cai,3,"This has been my favorite password management tool. However, I was recently forced to relogin and can't get an verification code anymore. I am from Philippines, pls advise."
A Google user,3,"Please add functionality to completely wipe an account if i can prove that it is my email being used for sign in, and create it again blank. Forgot master password and now the app is useless"
A Google user,3,"Where is the password generator. I have spent 4 hours sorting my logins etc 
out but no generator."
A Google user,3,Seems a work in progress as doesn't seem to integrate with Firefox on android. Works fine with Firefox on Windows though. Hopefully an update is coming as seems pretty slick otherwise.
Basil L,3,"Hi. Dear Avira team, help me understand why you are not answering me? I described my problem by email and got a mail from yours with some kind of a service number [7GQ6XE-EE6QM]. I added more info by mail later but still nothing from you."
A Google user,3,My master password works on google chrome on my pc but does not work on my android device?  Is this a bug?
A Google user,3,Good
A Google user,3,Registering a new Avira account using this app could effectively avoid the password complexity requirements...
Chris Tellow,3,"2.10 have bug,it show prepare your password angin and angin, can't login"
sue howlett,3,Stopped working on android phone. Cannot log in on app but avira password vault does recognize my credentials on a browser with URL. App fails after displaying a captcha message but never displays a captcha challenge. Server just responds invalid email or password. It was great when it was working and way ahead of some other vault offerings for android. Doesn't appear to have a support option on the avira website.
Len Kowalik,3,"I could not get it to fill in a user ID for an app, yet it was able to fill in the password. Autofill for another password manager worked fine. I have posted on the community forum. Waiting for a reply."
Michael Bonner,3,Repeatedly have to sign in. Too many times.
A Google user,3,"Love the app, but lately it looks up,which is really cumbersome. Since I work in the field of UI/ UX I have detected some small things that could be more consistent and work better. But on average the app is super and I would recommend it to friends."
David Luke,3,"Needs an auto generator built into the Android app. Also randomly forgets it's logged in and shows a blank list when I tap on the pop-up from my browser. Then when I open the app, it's still logged in, so it wasn't a security timeout."
K P,3,The best üòé
A Google user,3,Why has malware
A Google user,3,"Good application. Very useful but sometimes, the fingerprint unlock is not available and I have to use my master password which is quite long and complicated. It is also very difficult to see the difference between the lowercase l and the number 1 when you want to see a password. Autofill feature is annoying take too much space on the screen."
A Google user,3,"I wish that it was compacted in two one then it would be the best app 
please consider the update to the change Cher's"
A Google user,3,"Very mixed. When it works its great, but the mobile app is frustrating. It seems to offer autofill at random. It doesn't update passwords when they are changed. It's just far too erratic for day to day use. I will uninstall & teplace."
C Schutz,3,"I don't know why but often it just doesn't pop up with username and password to fill in my apps and website passwords. And one thing I would truly like to see in this app is to unlock it with a pattern or pincode. But generally otherwise I like the ease of use and the fact that you can also write notes for the particular websites and apps. And I like Avira, having used their products for many years."
Indellable,3,Ugly black bars line the sides of the app in landscape mode. I'm going to just use the website.
Chad Luhar,3,Can't access my notes when offline.
A Google user,3,a suggestion for your good app: we want add attach file to some website profiles and categorize them.
Tom (Brisil),3,"I really like using this app, but I could do without the notification every 15 seconds telling me the service is enabled. Please fix that"
oliver anthony resurreccion,3,"Very nicely Done AVIRA. But I don't have money for your PRO version, uninstalling now."
Phil Steele (Azureroth),3,If PWM would only sync between my devices I would give you 5 stars. If it does I can't find it
Bivash Gain (Bapi),3,I don't know what is going on with this app. I can't login with my phone but I can log in with dextop..is this a bug or anything . Please resolve this issue.
Michael Morgan,3,Constantly will not pop up in apps or webpages to allow me to autofill have to open avira app login then copy passwords.
Marion Svendrowski,3,Retains a retarded portrait mode even on a tablet
A Google user,3,"Good, as a password manager, but just noticed a small flaw, cannot distinguish between a zero 0 and a capital O, would be easy to correct."
A Google user,3,useful but the web interface is slow to load and the autofill option on mobile tends to get in the way rather than help.
Paloma P.,3,"I would like a 2 step verification to the avira account through QR code to log in option, option to import/export selected passwords to move to different accounts of password managers, offline password manager option, pin to unlock option !. thank you!"
Marcelo Lavor,3,Seems not working fine with Xiaomi 12T PRO
A Google user,3,"This app is ok, but it requires a password prior to opening. That's better than trying to remember so many different passwords, but much less convenient than if it just opened whenever you need it. Also, it does not open for every site and is often unable to follow when a new password is needed. The PC version is a bit better than the android version. But, they both need improvement"
Can,3,It crashes my os whenever i use it on walmart app. Please fix it. Android 8.0.0 stock version.
Kinyo Mer,3,No longer able to receive sms on 2 step authentication
Remember The Fallen,3,Up until the latest release I enjoyed using this app however I can no longer sign in to my account using it. Everytime I try I keep getting an error message below the email field that says INVALID EMAIL FORMAT. My email address hasn't changed
Becky Young,3,I just down loaded this app on my phone can the app be downloaded onto my desktop/laptop as well? can't seem to download on computer
Felipe Diaz,3,"Lately it doesn't synchronize the passwords that I save in my browser to the Android app, I add them on the web and it doesn't show in the app... Help!"
hg murty,3,Interface looks kinda washed out. Auto fill not the best out there but does the job. No TOTP on pc? Which is a bummer
mohamed zeyada,3,"ÿßŸÑÿ™ÿ∑ÿ®ŸäŸÇ ŸÅŸäŸá ÿ®ÿπÿ∂ ÿßŸÑÿ£ÿÆÿ∑ÿßÿ° ÿ£ŸáŸÖ ÿÆÿ∑ÿ£ ŸáŸà ÿπŸÜÿØŸÖÿß ÿ£ÿ≠ÿßŸàŸÑ ÿ™ÿ≥ÿ¨ŸäŸÑ ÿßŸÑÿØÿÆŸàŸÑ ŸäŸÉÿ™ÿ® ŸÑŸâ ÿ≠ÿØÿ´ ÿÆÿ∑ÿ£ÿå ÿ≠ÿßŸàŸÑ ŸÅŸä ŸàŸÇÿ™ ŸÑÿßÿ≠ŸÇ ŸäÿπŸÜŸâ ÿ£ŸÜŸâ ŸÑÿßÿ£ÿ≥ÿ™ÿ∑Ÿäÿπ ÿ™ÿ¥ÿ∫ŸäŸÑŸá ŸàÿßŸÑÿßÿ≥ÿ™ŸÅÿßÿØÿ© ŸÖŸÜŸá ÿ£ÿµŸÑÿß Whenever I try to log into the app , it tells me"" an error has occurred, please try again later""."
MELIANI Driss,3,idk why i can't login!
Karen Essay,3,Dosen't work well on laptop
Cody Haggarty,3,App not working can not login or can not add passwords
Salindu Hansaka,3,"Everything is good on web app, but mobile app i cant login."
Ali Bastami,2,"I am using the PRO version and it lacks a lot of features and already has a lot of issues like: a standalone password suggestion like in Kaspersky, poor password management (PW and usernames can't be saved automatically), You can't suggest a password during a registration .. and many more. VERY DISAPPOINTED."
Neeraj Tripathi,2,"Even though I am a Prime member with Password Pro subscription, the app doesn't recognises the license."
MastART,2,Couldn't import a csv file. Therefore useless to me
Juampi Zanin,2,"Not so good. Does not recognize the log in page for several web sites. The passwords generator not always shows up and most of the times it is useless since it doesn't follow the characters allow in each website ergo I end it up creating my own password the majority of times, And sometimes this new password are not saved in the app, you have to enter it manually.... I do not recommend this app at all I think there are much better lotions out there such as dashlane which I will go back soon"
Erik Tharsis Rossbach,2,"App is in general okay, but frequently freezes in the login screen and does not let me type my password. This happened on my Galaxy s6 and Fairphone 3. Also, the autocomplete function sometimes appears as an option and sometimes not. I would give it 5 stars if the login and autocomplete function always worked."
Kyle Strasser,2,"Paid for subscription, and yet the app says I still need to upgrade to pro..."
Matt Hummel,2,"I'm beginning to feel going with Prime was a mistake. There is no advantage to Prime compared to not having it, you are still nickel and dimed for the apps and services Avira claims you have access to. This app is a great example it's telling me to get pro. What a crock."
Pigman,2,For some reason the app will not offer to save new password or offer to create new passwords it just throws up this annoying pop-up saying there is no password saved for this site. This frustrating pop-up covers the box where you are to type passwords and it pops up every time you refresh.which is kinda the reason why ICanceled my subscription. If it would at least offer to save the new password that you just created then it wouldn't be so bad. But it doesn't. The pc ver works OK though
Scott McLachlan,2,Was doing fine up until recently. I checked my passwords on my phone but the app has lost all my passwords and doesn't sync to the desktop version... üòïüëé
A Google user,2,"Not all passwords are for internet sites so I cant understand, why each password u put in has to have a web address?!"
Roy Grantham,2,"When it doesn't open, you're stuffed!!!"
Harrison J,2,"App started out great. Everything that I needed. But after a while passwords would not update across multiple devices. And then when I open the app absolutely no passwords come up, meaning the entire password databases blank. Inexplicable errors that make the entire system unusable unfortunately. I'll probably give it another week to see if the developers fix these issues then I'll simply move to another system. I would be willing to pay for a quality app"
james maina,2,"The previous app was functional but after the update, I am unable to login in my account, can someone assist with the Password manager for Android"
Chris Aitchison-Knight,2,Not the most user friendly and support are terrible
Indellable,2,Can no longer copy a newly create password
A Google user,2,Well it keeps crashing when I'm trying to get my passwords...
Mr B Google,2,Rubbish this is. Doesn't autofill passwords for Google accounts.
Siphiwe Sikhakhane,2,Doesn't open when you put master password. No error indicating the problem whether the password is wrong or not.
A Google user,2,PWM popup is close in other login apps. Pls fix. I Useing LG H540
Franc Barz,2,"Using on Firefox (desktop and mobile) it either doesn't pop up to auto fill at all or there's a very quick Avira pop up that instantly disappears when I tap in the username or password box, either way I always have to navigate away from the browser find avira find the username and password copy them and navigate back to the log in page. It never autofills credit card details either and It also never offers to save new passwords and there's no password generator"
A Google user,2,Give me a chance to use it please.
Samano ‚ÄúSamano‚Äù Lai,2,"Why can't I log in, on and off have this kind of problem, really annoying."
A Google user,2,"Coming from Avira, I had high expectations for this app. It turned out to be a huge disappointment. Has fewer features than others password managers that are free. The UI is nice though."
A Google user,2,"From an usability standpoint this might be a decent solution : have a central repository from which to get your passwords. From a privacy standpoint, using them is suicide. The next time the governmental organisations ask, or some disgruntled employee wants to shame them, or Russian hackers hack in, or some tired system administrator publicly exposes a whole database to the Internet, or 1000 other cases your data will be readily available to anyone who happens to know where to look."
A Google user,2,Have to uninstall it if I want to fill out certain forms devoid of passwords!
Scott Zupek,2,"UPDATE on 01-14-2021: The Tablet (which is CHROME browser all the way) experience is a BAD. ...No ""suggest password"" option(browser) ...No landscape support ...No plugin option (i usually use Firefox which is lightyears better than chrome, except on android, which it's generally a trash experience) ...CONSTANTLY have to put in master password and even then, still same OG:Unable to use more than 1 Google account from phone. So no option for business and personal on the same phone. Super annoying"
Chris Brown,2,"The website access does not stay on, therefore I have to keep setting it."
Chen Jinkerson,2,"Does not work offline, no option to force the password prompt to show, same goes for the password generator"
A Google user,2,Sometimes irritating banner appears at the bottom of the screen for infinite number of times. (Avira password manager service enabled ) üò≠
Cute Boy,2,Pretty bad
Joseph Chen,2,"Inconsistent ability to automatically fill in password fields; often need to copy and paste, which is very inconvenient. Also not great at managing multiple userids/passwords per URL, or unique URLs by port number."
Marinos Savva,2,It looks nice and its easy to use but it doesnt sync your data on multiple devices.
Ganiyu Olayiwola,2,"I have been using this app for over two months with no problem. However, I am unable to see my saved passwords and the interface is like I never even used the app before."
Seth,2,Very capable of storing passwords but the autofill feature just doesn't work even after enabling it in settings. Works fine as a chrome extension on desktop though.
A Google user,2,Logged out of my account now everytime I try and login again it keeps sending the code to my old phone number if you can contact me to solve this issue then I might give it a better rating
Mike Lester Rosales,2,"Super slow and buggy when you have 1400+ passwords and counting, even on Pro version. Disappointed as a Prime customer"
E B,2,Doesn't recognise certain apps. Struggles on mobile device to suggest password when signing up. Notes has very little to no functionality (selecting text /editing etc) Thought I had a solution there. Sadly not
Glenn Colthart,2,"Terrible I assumed my passwords were downloaded into my Avira Acct. Not a single p/w was saved. Also,feedback feature not showing how to be in touch with Avira support. No password create site Disappointing!"
A Google user,2,is the autofill really working? i cant get it to work on browser (samsung internet in s7 edge) i already enabled a lot of thing but there's no luck at all. samsung pass suddenly says I've rooted my device (I didn't root it or anything) and it wont work anymore and i really need some autofill service because it's really pain to type my long √§ss passwords every time.
A Google user,2,"Was great until recently update. Now I can no longer add tags. When I make a tag, click the plus icon, go back and they've disappeared. Also, it doesn't even tell you what you get with pro. It literally just says upgrade."
Vishwaksen Reddy Dhareddy,2,"The application worked fine for about 2 months but was soon as I updated it, app my data was gone. Soo bad on your part avira. I thought it to be legit and reliable but it proved a big no."
Joe Douglas,2,Was really great when it worked but lately it constantly crashes and doesn't seemy to be syncing passwords.
Kingslords Socialmedia,2,Doesn't let me log in anymore! Liked it when it worked but I will have to switch to Last Pass. I need a PWM that I know will work whenever I need it. Not being able to log in is just not acceptable for a PWM.
Dj Hogg,2,Not as good as it used to be
A Google user,1,requires sign up! no offline use
Charlie Ng,1,"Completely non functioning, the beta version will just tell me there is no Internet connection, release version will tell you there is something wrong. Can't even login to submit diagnostic data."
Peter W,1,This morning I woke up and learned that I can't reach my account because Avira is applying sanctions. It'd be great if at least some warning message was sent. Anyhow by using a cheap VPN I could reach my passwords and delete my account. Hope we won't see each other in future. Thanks for everything...
A Google user,1,Do nothing on android and not auto fill on chrome
Vipin Rohit,1,worst app...totally worthless... saved my very important note and it gets vanished the other day...seriously..the app is a bad joke!!!
Husam Almasry,1,I cannot believe that there is a company so stupid to venture into passwords with a stupid and unusable app. It stopped working without justification and was not even completing the steps to reset the account. Now I am unable to log in to my bank account or any other account.. Disappointing
A Google user,1,"No longer works on Android 10. I can login using fingerprint, but I can't login thru typing master password, I can't click on Menu Bar, Authentication and other features"
A Google user,1,Atill cant figure out hiw tge hell this works Keeps popping up wherever you  type in your email add. Any email add ftm
Andrew Ladym,1,Tge app forgot my password. I DID NOT FORGET MY PASSWORD YOUR APP DID. THANKS FOR NOTHING.
Shreedharan V,1,"Apparently, the avira password manager does not save my passwords for some reason."
Chun-yien Chang,1,the new update seems to break the app...can't login with all my phones with the latest update.
Rafe Eubanks,1,"They lost all of my passwords this morning and I cant reach customer service. If I have to write my passwords down and keep them some place safe, then why am I paying for this service?"
Oles,1,"Avira bloked in Ukraine sms and didn't inform me in time when I have 2FA mode on. I could not login into accound and cancel my subscription, delete my bank card or copy passwords. They couldn't help and continue use my money and private data even after my request to delete my account according GDPR rights."
Sol Stice,1,The app cannot even reinstall after uninstall. Useless.
D Singleton,1,"I had an issue with sign in and syncing passwords between app and browser extension. I emailed them (there is no other way to contact them) and had this reply ""I have checked your email address in our database, and unfortunately I couldn't find any active Avira licenses for this account. Please keep in mind that we can only offer email and telephone support to customers using our premium products."" So unless you buy a license they won't help. I'm ditching for a different app."
katrƒ´na,1,"App was great until a few weeks ago it started CONSTANTLY freezing after logging in. And nothing helps - I tried re-installing it, restarting my phone. It was a little annoying at first, but now it happens half of the times I try to use it. And auto-fill function doesn't work properly - it either doesn't show up at all for some websites or offers to ""save my password"" when I set my alarm clock."
Alan Downey,1,"Updated and I lost everything. Prompted me to login (ignoring that I setup biometrics) and didn't recognize my master password. No way too recover my password with the free version, so I lost all my passwords. Uninstalled."
One 4All,1,Card scanning do not work at all
Rohan Manandhar,1,I cannot access to my own account. It says connecting to google and stops working. All my credentials are locked inside.
Nabeel Abdul Jaleel,1,Unable to login
Emily Pyers,1,"I really like the idea of this. Sadly, it doesn't do in real life What it does in my head. There's no option to import passwords in the app. I tried logging in to the Web app to see if it was possible there, but it doesn't accept either one of the two passwords required. It won't automatically save any passwords that are autofilled from my browser (firefox) either. I'm not going to be able to commit to copying and pasting every. single. password. into the app - it's just too cumbersome."
Luiz Garrido,1,It's not working anymore. My passwords don't show up.
Bhavesh Umraniya,1,Autofill is not working even after giving all the permission
amit,1,"I put my pwd in the app ,but now all pwd are deleted automatically.."
A Google user,1,"Purchased Avira Prime. PWM never works, every feature you have to download separately. Can't get any help at all. Just a horrible experience."
RADIUM,1,If you don't have have internet your passwords are unaccessible and if you turn off sync it only stores passwords offline and you cannot export them you have to literally write down each and every password by yourself what a waste
Jim Drummond,1,2 hr fight reset logout restart both laptop and phone still not recognising email or password.
Anonymous,1,I'm sick and tired of APM logging me out completely for no reason.
Arfan Ardiansyah,1,No custom fields. Prefer one time payment for a lifetime.
A Google user,1,"I cannot login into mobile. Same account i used from pc. I use yahoo mail. Pc ok, Mobile Not. Please advice."
Roberto Ruiz,1,Cannot login into mobile devices. Poor app.
Mr Leon (The Specialist),1,"I would look somewhere else to store passwords. * passwords dont update across devices * i cant login in this app on android , it keeps saying there is no mobile data, which is absurd. I am also using wifi , same thing. * On the iPhone version, you can log in, but all passwords are blank * On desktop, it's ok. I think It was good before , somewhere you guys are dropping the ball.this app was actually good, and I recommend this like to everyone."
Stephen Wilkinson,1,"Appalling technical support. I got a new device and logged out of my old one. Tried logging into PWM on new device keep getting the error ""no internet connection"". Tried to log into PWM on my old device, to see if that worked. Nope, get the same error. Go through all the usual troubleshooting steps, uninstall, restart device etc etc. Nothing works. So I opened a ticket. Explained the problem and told them all the steps I'd tried. Only to get a generic response asking me to try the same steps"
Nabil oins 3,1,Not getting verification SMS In Bangladesh. Please fix this
Henrike Tietjen,1,"Worked fine for a while but for some reason, whenever I type in my master password, it now doesn't let me log in and shows me an error, saying that there's no internet connection even though the internet works just fine for every other app on my phone."
Brian Smyth,1,Great until I changed smartphone. Everytime I try entering the password it says. NO internet connection. Can't find a way of rectify it. No helping hand in ways of support contact. I'll need to cancel and start all over again with another company.
jack Christopher,1,I haven't used it yet but I see you guys responded with thank you for your positive feedback to a negative review! Do you even read your reviews? Not a good start!
shanker udayan,1,They make you to subscribe premium with passwords locked in it . Unable to contact support team unless you're a premium customer. Please don't go for it :( . Review edited
steven odorcic,1,"Not good at all. Doesn't fill in or ask to save password most of the time, kinda temperamental, and that's the for the premium version."
A Google user,1,Very Disappointing You Cannot Trust This App If You Forgot Your Master Password Then You Cannot Reset It Your All Passwords Will Be Deleted
Saurabh T,1,"Hi team, Recently facing issue as not able to login into account. Tried clearing cache,re login into account. It just says preparing password. Please assist"
krejziceek,1,Google chrome extension doesn't sync with mobile app.
Belal Elgalad,1,I tried many and many times to change the master password it gives connection error ! Rather than changing the password
Stanley G.,1,The most important thing about an app like these is that is has to work and remember password...after a update it says hey 0 password safed ....what a huge Shi. . Spending now half a day to make everywhere new passwords . Then better write them again on a piece of paper
ANIRUDH G,1,If accidentally deleted any password. It is getting permanently deleted instead of going to recycle bin
TAA,1,Not working .. In pc version when i sign in to account automatically sign out ‚úÖüòí
Google User,1,What personal data you need. I not subscribed. Is free version I am using. Doesn't work on S10 Plus mobile. Works on Samsung Galaxy S7 tho. It only is Android 8. S10 Plus is now update to Android 11. See what I mean? Should work on Android 11 too.
Hossein,1,Not work after update
Brent Parsons,1,Worked great until yesterday and I opened it up to find all my passwords gone
Funmi Opayinka,1,"The app was great before but now I suddenly can't even log in with my master password it keeps saying ""incorrect password"" even tho it is correct"
Victor Hoffman Barros,1,"App is not working anymore, saying there is no internet connection while every other app has connected fine."
Amy Cooper,1,Constantly having problems. It won't let me log in to get my passwords that I require to use this isn't the first time very frustrated.
A Google user,1,"Will not open with my Avira Account email and password.  Try to register and it says the email is already registered.  Tried many times, done."
J. P. O'BRIEN,1,I gave THIS A rateing because It does show me how to import my Last Pass data
armaan Khan,1,Keeps telling me that my internet connection is no there when I am using my phone for all the other apps.
Sybolt van der Schoot,1,"This is a really bad app. After losing my main password i re-created my account, on my PC it was no problem to renew the account, but on my mobile device it still asking for security keys, after filling in the key it doesn't accept the keys. What an annoying App. Looking for a mor trustfully password manager this one doesn't work"
manolo teatro,1,I cant login to desktop web browser giving me an unkown error. Tried changing password via finger print enabled mobile app and getting a connection error after clicking change master password... Now it suggests to forget all creds.
Tim Barrett,1,Could not find any way to import passwords from another program. This makes it useless. I have 234 passwords stored I am not going to input them one by one. 3-4-22 Thanks for your reply but I've moved on to another app. But why wouldn't there be an import function inside the app itself like every other password manager? Who's gonna know to go to the website to do that?
Jason Hamer,1,"Great service, but the app is stuck in a log in loop after sms two factor authentication. Update: Unable to get support without paying for a premium license."
A Google user,1,"Doesn't open and keeps on crashing , all my important passwords are inaccessible to me now."
It's me Again,1,Was working great till allll my passwords disappeared
Kevin Melgarejo,1,"Updated: Used to love all Avira apps but pwm has been having so many loading issues recently, I'm moving to another password manager."
TASI FOREX STORE,1,No way to revoke 2FA. You will lost all your passwords forever because avira will fail to send you verification sms
Mr Googley,1,This app is terrible compared with Bitwarden which is free. It tells you if your accounts are safe without paying for a subscription. Your app doesn't save password when you change them either. Sometimes it just logs you out for no reason.
Jake,1,"Great interface and security. However my passwords won't sync between my Macbook and Android device. Would love to change this review if the support team can get in touch, but if the app won't sync then it is essentially pointless"
Hamed Zahedi,1,Deactivate the app on the phone without any notification. I don't even have access to my personal information
A Google user,1,"On my phone I show I have 65 p/w, the same as my computer and when I try open all of them it doesn't show anything. I've already uninstalled and reinstalled still the same results. The first time I put it on my phone it worked but somehow it had gotten uninstalled."
A Google user,1,The app randomly signs me out. Like it resets itself. This has happened 3 or 4 times this year. It is incredibly frustrating and inconvenient. I don't understand why. Is otherwise a fairly solid app in my experience.
A Google user,1,"Does Not Support Device Encryption. I don't care what excuse is used, an App for a security purpose should never effect device encryption. Will not allow screen lock/start up password. Completely pointless."
Stray Cat,1,I enter correct master password but it doesn't work. It says I entered the wrong master password.
Brian Proulx,1,Bad autofill works rarely B Noy
fj fek,1,This app is stealing my accounts information and i can.t inter the app.I have complain from this company.
Murat Tekba≈ü,1,"As a long-time Avira Prime user, for some reason, I appear to have a login issue with Avira Password Manager. I presume this to be a reoccuring problem, because, this is not the first time that I have come to find myself trying to solve it. Is there a known issue thay is same or similar to the one that I described above?"
A Google user,1,I can't sign in. it's froze on the master password screen. I can't do anything! What have you done with your app!?
Nova,1,Cannot add new login data from click new popup auto fills when the app not yet registered. Must input new data before it. Not like other password manager.
David de Groot,1,Doesn't work for me as the free version cuts the URLs short the the main domain and extension. As a technician user I have a list of subdomain access with different logins. I contact support by Feedback and that leads to the Google play appstore.
ahumadh edm,1,Been locked out by not receiving Verification SMS. And lost all data. No customer support.
Kamal Haddad,1,"I have been using the app for a decent amount of time until today where I instantly uninstalled it. It was the one and only place where I saved my info. Today my amazon account ( the hacker decided to get himself a gift card), discord, Facebook, Instagram, and twitter got hacked and my Instagram's password literally got changed in both the app and in the avira ""password manager""app. Anyways, I hope no one faces that where I had to apologise to almost everyone I know. I couldn't rate 0."
Anthony Nkemakonam,1,"TERRIBLE EXPERIENCE I can't access my password manager because I don't receive the verification code sent to my registered phone number after numerous ""resend code"". There is no alternative means of verification. It is an ongoing issue for 3 days now. My registered phone number is still very much active as I receive calls and messages on it. Avira I need my password manager account back so I can back up my passwords elsewhere."
Robert Shay,1,"One day I opened the App, and ALL my info was gone"
Joseph Chen,1,"Junk. Different behaviour on every platform, especially terrible on Android managing logins, new accounts and passwords is especially a chore between apps and websites. Choose something else. The iOS version has a good UX Why don't you just replicate that one?"
A K,1,Cannot login. Not sending SMS OTP. Your 2FA is useless.
Shoban Chiddarth,1,"I cant even type my master password in the entrance page EDIT: Sorry I deleted all of my Avira accounts because the Antivirus added the password manager in my browser. I didnt want the password manager actually and also I gave it a try on mobile if it works. My problem is, What if you got hacked and hackers deleted all the data in your servers(If you claim for encryption so they cant read it)? I have been using Google Password manager from the beginning and Google cant be hacked. So I should stick to it. And it works on mobile without installing any apps and it is inbuilt in chrome and Android."
anas tabiti,1,"Terrible experience , no support"
A Google user,1,I cannot access my account when i need the most. whats going on??
John Tyrrell,1,Total nightmare. Cannot cope with multiple devices
Omer H,1,There is a problem with the app where I have to give it access to use it on my browser every time I need a password it's very annoying please fix this
Jeremy Dousset,1,Doesn't let you contact customer service unless you pay.
A Google user,1,"I just paid for the pro, I wanted to use the password manager, I try to log in and always come the info that email address is not correct. .. make me crazy..."
A Google user,1,After update is not working anymore...keep pop up then gone. .its not stable apps
Meghan Galindo,1,"I've been using this for close to a year now and the last time I got on all my passwords were completely gone. Must have been a glitch or something, because it says I haven't made any passwords yet."
A Google user,1,It never worked
Mrs Google,1,"What is going on with your app? All my passwords reverted back to my previous ones, and l had to reset every one. I have unsubscribed. Disgraceful!"
A Google user,1,would be great if the screen didnt freeze everytime I open the app....
Cocomelonia,1,Bad app
Dr. Ajman Mensah,1,"Too bright, makes reading difficult. Needs some themes fast."
Sylvia Foster,1,Interferes with edge
Sam,1,It is constantly making me sign in with both passwords in order to fill a password on another app.
A Google user,1,After Last update unable to login.. Wrong email or password.. Please rectify.. Im login before update but after app itself required login again
Sherri Woodruff,1,"It was working perfectly, today it decided not to allow me to sign in via my fingerprint and when it asks for the master password that is not correct either. Same password I've been using since I set up this app. Now I no longer have access to any of my passwords. This is not acceptable. I m scrambling to figure out 85+ personal and business passwords."
Ashill Jahaly,1,"Idk whats going on, many of my saved noted are not appearing, if i create a new one, the old one appears the. The new one disappears."
S,1,"It was 5 * before I tried to contact support. And got an answer, that only paid products get the support. So make your own conclusions about this company and their attitude."
Mohamed Fathi,1,I cannot login into the app
Tom Passey,1,"APM has stopped syncing on Android. It is forever preparing passwords. Is the issue known and being worked on? EDIT: this has not been fixed, I am now using a different password manager."
A Google user,1,Its weight work in RAM and the icon / logo of the web is not shown.
A Google user,1,can't even get logged in...
SHEIKH AZHARUDDIN,1,Nice password manager but does not offer any option to save password like bitwarden..please add this feature
David Harnden,1,Can't log in to account.
KJ Live,1,Not working on all app. Sometime it just does not show up when one needs ro auto fill cridentials. I feel like its holding me hostage as opposed to being an assistant toake my life easy. Samsung note 20 ultra
Sanjay Joshi,1,"None of the Avira products are designed to work with Firefox. Browser autofilli service only works for the data hungry Chrome. Avira antivirus also doesn't protect from phishing websites on Firefox. Uninstalled it and I'm very happy with Bitwarden. Because of companies like Avira, the completion in the web browser market is disappearing. They want to support only the leader but not the savior of the open web, only a looser does it. I'm going to get my refund for Prime membership."
David L,1,"Your ""FREE"" program is a joke. Sure, you may indicate breaches in safety, but you DO NOT ALLOW US TO SEE THEM WITHOUT PAYING? You are a bunch of scam artists, like most other virus protection programs. If anyone else is reading this, DON'T BOTHER DOWNLOADING. David L"
